Distance1,Distance2,Distance3,Distance4,Distance5,Distance6,Distance7,Distance8,Distance9,Distance10
3.65,6.65,7.2,4.7,4.45,7.95,8.0,7.9,8.0,7.75
1.85,6.65,5.5,6.75,4.25,7.85,6.75,7.95,7.65,7.6
4.7,6.7,5.55,7.25,4.55,6.9,8.0,6.75,7.2,6.9
5.85,3.8,5.5,7.7,7.55,7.0,2.75,6.75,3.45,6.95
5.95,7.95,8.0,6.75,0.2,7.95,1.8,7.45,7.75,7.0
0.0,0.0,0.45,7.15,5.85,7.45,8.0,7.25,8.0,6.95
0.0,0.0,6.75,7.0,7.75,7.35,7.75,7.15,8.0,6.25
0.0,0.0,0.45,7.5,5.7,7.3,5.35,7.1,7.1,6.1
7.85,6.65,8.0,6.05,7.05,5.55,6.55,5.65,7.15,5.7
8.0,7.65,7.85,3.9,6.8,6.2,6.75,6.35,8.0,6.3
0.0,0.0,5.65,6.35,7.25,6.7,7.3,1.65,7.85,5.9
7.9,6.65,7.7,7.8,8.0,2.5,0.0,0.0,0.0,0.0
6.65,1.35,8.0,7.8,8.0,7.75,7.5,6.0,7.15,6.0
8.0,7.25,6.85,7.65,8.0,7.9,8.0,5.85,7.8,5.6
8.0,7.45,6.7,7.8,7.3,7.95,8.0,5.75,7.45,5.5
1.1,6.55,6.65,7.95,7.65,7.95,7.9,5.35,8.0,5.4
7.7,5.0,6.6,7.95,8.0,7.75,8.0,7.1,5.15,7.55
0.0,0.0,0.0,0.0,0.3,7.95,7.75,6.8,1.5,5.85
7.75,6.2,6.8,5.7,7.85,7.85,8.0,5.75,7.7,5.35
7.5,2.7,7.4,7.45,7.8,7.7,8.0,7.25,8.0,5.25
0.0,0.0,0.0,0.0,2.8,6.4,7.95,7.7,8.0,7.15
0.0,0.0,0.0,0.0,3.25,5.55,6.8,7.5,7.9,5.95
0.0,0.0,0.0,0.0,5.1,5.15,8.0,7.25,8.0,6.9
0.0,0.0,0.0,0.0,0.0,0.0,7.9,7.0,7.15,7.35
0.0,0.0,0.0,0.0,0.0,0.0,7.75,7.6,6.95,7.45
0.0,0.0,0.0,0.0,0.0,0.0,8.0,1.8,8.0,7.65
0.0,0.0,0.0,0.0,0.0,0.0,7.7,6.8,1.35,7.7
0.0,0.0,0.0,0.0,0.0,0.0,7.55,6.9,7.9,7.7
7.75,2.3,8.0,5.6,8.0,7.8,7.3,7.9,7.65,7.8
7.7,2.3,8.0,6.0,8.0,7.95,7.25,7.95,0.0,0.0
7.65,2.3,8.0,7.75,7.85,7.95,7.35,7.75,0.0,0.0
7.55,2.3,8.0,7.45,7.8,7.95,7.85,7.95,3.55,7.95
7.45,7.3,8.0,7.45,8.0,7.95,7.65,7.95,0.0,0.0
7.4,7.3,8.0,7.95,8.0,7.85,7.7,7.95,0.0,0.0
7.4,7.3,8.0,7.45,8.0,7.85,0.0,0.0,0.0,0.0
7.45,7.3,8.0,7.45,8.0,7.85,4.25,7.6,4.0,7.95
7.55,7.3,8.0,7.75,8.0,7.95,7.9,1.75,8.0,2.8
7.55,1.3,8.0,0.45,8.0,0.8,0.0,0.0,0.0,0.0
0.0,0.0,0.0,0.0,0.0,0.0,8.0,0.3,7.65,0.25
0.0,0.0,0.0,0.0,0.0,0.0,7.85,0.8,7.65,4.85
0.0,0.0,0.0,0.0,1.1,2.05,7.9,4.0,8.0,1.9
0.0,0.0,0.0,0.0,0.8,6.7,3.95,6.0,7.8,5.9
0.0,0.0,0.0,0.0,0.2,6.7,8.0,5.95,7.9,5.95
0.0,0.0,0.0,0.0,0.1,6.7,7.9,6.0,7.9,5.8
8.0,7.95,8.0,7.05,7.55,6.4,7.95,5.85,8.0,0.05
0.0,0.0,4.95,7.85,0.4,7.45,8.0,6.4,8.0,6.75
8.0,6.85,7.85,7.8,7.35,5.9,8.0,5.25,8.0,0.1
8.0,6.8,7.85,7.65,7.15,5.8,8.0,5.15,8.0,0.3
8.0,6.8,7.85,7.5,7.25,6.0,4.4,5.1,8.0,0.65
8.0,6.8,5.3,7.4,7.35,6.05,7.85,5.05,8.0,0.5
8.0,6.85,5.75,7.4,7.4,6.05,8.0,5.05,8.0,0.55
8.0,7.3,7.9,7.95,7.85,7.95,4.75,7.95,8.0,7.5
8.0,7.3,6.2,7.95,7.5,7.8,4.7,7.95,8.0,7.7
8.0,6.85,6.75,7.45,7.55,5.95,8.0,4.95,8.0,0.7
8.0,6.85,6.85,7.95,7.55,6.9,8.0,7.95,8.0,7.05
8.0,7.3,6.65,7.95,7.55,7.8,8.0,7.95,8.0,7.4
8.0,7.3,5.9,7.95,7.65,7.95,8.0,7.95,8.0,7.85
8.0,7.3,5.95,7.95,7.6,7.95,8.0,7.95,8.0,7.95
8.0,7.3,5.7,7.95,7.6,7.95,7.85,7.95,8.0,7.95
7.3,7.3,5.7,7.95,7.6,7.95,7.85,7.95,8.0,7.95
8.0,7.3,5.7,7.4,7.6,5.95,7.85,4.9,8.0,0.4
8.0,7.3,6.25,7.95,7.65,6.95,7.8,7.95,8.0,7.95
8.0,6.85,5.9,7.55,7.55,7.6,7.8,7.95,8.0,7.85
8.0,6.85,5.85,7.95,7.85,7.6,8.0,7.95,8.0,7.85
8.0,6.85,5.85,7.75,7.85,7.65,4.95,7.95,8.0,7.65
8.0,6.85,5.55,7.6,7.9,7.65,5.0,7.95,8.0,7.95
8.0,6.85,5.55,7.65,7.85,7.55,5.0,7.95,8.0,7.7
8.0,6.85,5.5,7.7,7.8,7.6,5.05,6.3,8.0,7.7
8.0,6.85,8.0,7.7,7.75,7.5,8.0,7.95,8.0,7.75
8.0,6.85,8.0,7.75,7.75,7.6,8.0,6.4,8.0,7.75
8.0,6.85,8.0,7.75,7.7,7.6,5.1,7.95,8.0,7.5
8.0,6.85,5.7,7.75,7.7,7.65,5.35,7.95,8.0,7.75
8.0,6.85,8.0,7.75,7.7,7.65,7.9,7.95,8.0,7.5
8.0,6.85,7.85,7.75,7.7,7.65,7.9,7.7,7.95,7.5
8.0,6.85,8.0,7.75,7.65,7.65,7.9,7.85,1.1,7.5
8.0,6.85,8.0,7.05,7.7,7.6,7.9,7.85,3.25,7.5
8.0,6.85,7.85,7.8,7.7,7.6,7.9,7.95,3.25,7.95
8.0,1.35,7.85,7.8,7.65,7.6,8.0,7.95,7.1,7.95
8.0,6.85,7.9,7.8,7.65,7.25,7.9,7.95,7.1,7.8
8.0,6.85,7.9,7.85,7.65,7.35,7.9,7.95,7.1,7.55
8.0,1.4,7.9,7.85,7.65,7.3,6.25,7.95,7.15,7.55
8.0,6.85,7.85,7.85,7.65,7.3,8.0,7.95,7.2,7.55
8.0,6.85,7.85,7.85,7.65,7.3,8.0,7.95,7.2,7.55
8.0,1.4,7.85,7.85,7.65,7.4,8.0,7.95,3.8,7.6
8.0,6.85,7.85,0.1,7.65,7.35,7.9,7.95,8.0,7.6
8.0,6.85,7.85,7.85,7.7,7.5,6.2,7.95,8.0,7.6
8.0,1.2,7.85,0.15,7.7,7.45,6.2,7.95,8.0,7.6
8.0,7.3,7.85,7.95,7.7,7.5,8.0,7.95,8.0,7.85
8.0,6.85,7.85,7.95,7.7,7.65,8.0,7.95,8.0,7.6
8.0,6.85,7.85,7.95,7.75,7.45,8.0,7.95,8.0,7.8
8.0,7.3,6.25,7.95,7.65,7.8,8.0,7.95,8.0,7.8
8.0,7.3,6.25,7.95,7.75,7.6,8.0,7.95,8.0,7.85
8.0,7.3,6.25,7.95,7.7,7.85,7.9,7.95,8.0,7.85
8.0,2.25,7.85,7.95,7.65,7.85,7.9,7.0,8.0,7.4
8.0,7.3,7.85,7.95,7.65,7.85,7.9,7.95,7.9,7.95
8.0,6.85,7.9,7.95,7.65,7.8,7.9,6.95,8.0,7.35
8.0,1.25,7.85,7.95,7.65,7.85,7.9,7.95,4.2,7.85
8.0,2.25,7.85,7.95,7.65,7.95,7.9,7.95,7.9,7.85
8.0,6.85,7.85,7.95,7.65,7.95,8.0,7.95,4.25,7.85
8.0,7.5,7.85,7.95,7.6,7.95,8.0,7.95,7.15,7.85
8.0,2.3,7.9,7.95,7.6,7.95,6.0,7.0,7.85,7.35
0.0,0.0,0.0,0.0,0.35,7.55,6.05,7.1,7.9,6.7
0.0,0.0,0.0,0.0,0.65,7.95,6.05,7.05,8.0,6.6
0.0,0.0,0.0,0.0,0.75,7.95,7.9,7.3,7.8,6.5
8.0,2.25,8.0,5.7,8.0,7.8,7.9,7.45,7.85,6.45
0.0,0.0,0.0,0.0,0.8,7.2,7.85,7.75,5.8,6.45
0.0,0.0,0.0,0.0,0.85,4.15,5.35,7.75,5.75,6.5
0.0,0.0,0.0,0.0,0.9,2.25,3.7,4.05,5.75,7.75
0.0,0.0,0.0,0.0,1.25,2.65,1.75,2.35,8.0,6.7
8.0,1.15,7.9,6.7,8.0,5.75,1.15,3.95,2.6,2.85
8.0,1.05,8.0,0.55,2.3,5.45,8.0,4.05,7.9,2.15
8.0,0.5,8.0,0.05,6.1,5.05,8.0,3.9,8.0,1.35
8.0,0.0,8.0,0.6,2.3,4.5,8.0,3.4,8.0,0.65
8.0,5.65,8.0,4.7,6.45,4.05,1.55,3.0,8.0,0.05
8.0,5.7,8.0,4.2,6.1,3.55,8.0,2.65,7.9,1.1
8.0,5.7,8.0,3.8,5.4,3.15,2.65,2.35,1.75,0.85
8.0,3.2,8.0,3.45,2.4,2.85,2.65,2.15,8.0,1.05
8.0,2.75,7.85,3.2,8.0,2.6,3.0,2.05,2.2,1.15
8.0,2.75,7.85,3.2,8.0,2.6,3.0,2.05,2.2,1.15
8.0,2.35,8.0,2.8,8.0,2.5,7.8,1.95,8.0,1.3
8.0,6.75,8.0,6.6,8.0,2.45,7.85,2.0,7.7,1.35
8.0,4.1,8.0,4.05,3.25,2.5,7.9,2.05,7.75,1.5
8.0,6.55,8.0,7.45,3.3,2.6,2.1,2.15,8.0,1.6
8.0,2.7,8.0,7.55,2.65,2.7,8.0,2.25,8.0,1.7
8.0,7.95,8.0,7.7,2.95,2.85,8.0,2.35,8.0,1.75
8.0,6.95,8.0,7.8,2.95,2.95,2.35,2.45,8.0,1.8
8.0,6.95,8.0,7.8,2.95,3.0,2.45,2.5,8.0,1.85
8.0,7.05,8.0,7.8,2.65,3.15,2.4,2.65,8.0,1.95
8.0,7.2,8.0,7.55,6.55,3.3,8.0,2.8,8.0,2.1
8.0,7.15,8.0,7.7,8.0,6.95,8.0,3.0,8.0,2.25
8.0,6.85,8.0,1.0,8.0,3.8,2.05,3.15,8.0,2.35
8.0,6.85,8.0,4.2,8.0,3.95,7.9,3.25,8.0,2.4
8.0,0.55,8.0,4.4,8.0,4.0,1.75,3.25,7.9,2.25
8.0,0.35,8.0,0.65,8.0,4.05,7.8,3.2,8.0,2.15
8.0,3.55,8.0,4.65,8.0,4.1,7.8,3.15,2.05,1.95
8.0,7.0,8.0,5.65,8.0,4.1,7.75,3.1,2.05,1.7
8.0,5.3,8.0,7.45,8.0,4.1,7.75,3.05,2.0,1.7
8.0,6.1,8.0,5.9,8.0,4.2,7.8,3.15,2.05,1.6
8.0,6.15,8.0,5.95,8.0,4.3,7.8,3.15,2.05,1.7
8.0,6.05,8.0,5.95,8.0,4.35,3.15,3.25,1.95,1.85
8.0,6.1,8.0,5.7,8.0,4.4,0.9,3.35,1.85,1.85
8.0,6.3,8.0,6.05,8.0,4.45,3.25,3.4,1.8,1.9
8.0,6.35,7.9,6.1,8.0,4.5,7.95,3.45,1.7,1.1
8.0,6.4,7.9,6.4,8.0,4.55,3.35,3.5,1.65,1.9
8.0,6.4,7.9,6.45,8.0,4.6,3.4,3.55,1.65,1.95
8.0,6.45,7.95,6.25,8.0,4.65,3.45,3.6,1.6,2.0
8.0,6.4,7.95,6.55,8.0,4.65,3.45,3.55,1.6,2.1
8.0,6.65,7.95,6.3,8.0,4.7,3.5,3.6,1.6,0.9
8.0,6.65,7.95,6.55,8.0,4.7,3.55,3.65,1.6,2.15
8.0,6.65,7.95,7.75,8.0,4.7,3.55,3.65,1.6,2.15
8.0,6.5,7.95,6.35,8.0,4.75,3.55,3.65,1.6,1.15
8.0,6.55,7.95,6.4,8.0,4.8,0.65,3.75,1.5,2.35
8.0,6.65,7.95,6.45,8.0,4.9,0.75,3.85,1.2,2.25
8.0,6.65,7.95,6.45,8.0,5.0,3.85,3.95,1.75,1.45
8.0,6.85,7.95,6.45,8.0,5.05,3.9,4.0,0.0,0.0
8.0,7.2,7.95,6.5,8.0,5.15,7.7,4.1,0.0,0.0
8.0,7.35,7.95,6.55,8.0,5.15,4.1,4.2,0.0,0.0
8.0,7.5,7.85,6.6,8.0,5.3,4.15,4.3,3.05,3.05
8.0,7.55,8.0,6.6,8.0,5.35,4.25,4.35,3.2,3.2
8.0,7.65,7.85,6.65,8.0,5.4,4.4,4.5,3.25,3.25
8.0,7.7,8.0,6.7,8.0,5.5,4.45,4.55,3.35,3.35
8.0,7.7,8.0,6.7,8.0,5.5,4.45,4.55,3.35,3.35
8.0,7.75,7.9,6.8,8.0,5.55,7.75,4.6,1.75,3.5
8.0,1.3,7.9,0.4,8.0,5.65,7.75,4.75,1.85,3.65
8.0,1.4,7.95,0.45,8.0,0.5,7.75,5.05,1.9,3.9
8.0,1.5,7.9,0.55,8.0,0.35,1.5,1.05,0.4,4.2
8.0,5.7,7.9,6.4,8.0,6.2,1.3,5.35,0.3,4.7
8.0,1.95,8.0,1.0,8.0,0.1,8.0,0.65,0.1,5.15
8.0,2.2,8.0,1.2,8.0,0.35,8.0,0.35,8.0,0.4
8.0,2.4,8.0,1.45,8.0,0.55,0.8,0.1,8.0,0.7
8.0,2.2,8.0,1.25,8.0,0.45,7.85,0.35,7.85,1.2
8.0,1.8,8.0,0.8,8.0,0.25,7.9,0.5,8.0,1.9
8.0,1.35,8.0,0.4,8.0,0.95,0.0,0.0,0.0,0.0
8.0,0.8,7.75,0.1,8.0,1.35,8.0,1.65,8.0,7.9
8.0,0.35,8.0,0.85,8.0,1.55,1.9,1.85,8.0,1.55
8.0,0.25,5.15,7.9,8.0,7.25,7.75,6.4,8.0,5.3
8.0,0.45,8.0,7.85,8.0,7.05,8.0,6.05,7.95,5.05
8.0,0.5,8.0,7.7,8.0,6.9,7.7,5.95,8.0,4.95
8.0,0.6,5.9,7.65,8.0,6.85,7.9,5.85,8.0,4.75
0.75,0.65,6.1,7.75,7.85,6.9,7.7,5.95,8.0,4.85
7.3,0.6,6.4,1.3,7.6,0.6,7.9,2.45,8.0,1.55
7.8,0.45,6.65,1.0,7.7,7.5,7.95,6.4,8.0,5.4
0.0,0.0,0.0,0.0,2.0,7.8,7.9,6.85,8.0,5.8
1.65,0.1,7.1,0.1,7.6,1.35,7.95,7.35,7.6,6.25
0.2,0.45,7.4,0.4,7.75,1.3,8.0,7.75,7.7,6.65
0.2,0.45,7.4,0.4,7.75,1.3,8.0,7.75,7.7,6.65
2.1,0.65,7.6,0.6,8.0,1.3,1.55,7.95,7.85,6.9
2.2,0.65,7.85,0.55,8.0,1.35,1.2,3.35,8.0,0.15
2.3,0.6,8.0,0.2,8.0,1.0,8.0,3.1,8.0,0.4
2.35,0.55,8.0,0.1,4.6,0.9,8.0,7.95,8.0,7.05
2.4,0.6,8.0,0.15,4.55,0.9,8.0,7.6,8.0,7.15
2.45,0.75,8.0,0.1,4.5,0.9,8.0,2.5,8.0,0.65
2.45,0.9,7.8,0.2,4.5,0.9,8.0,2.3,8.0,7.65
2.5,1.05,7.9,0.4,4.5,0.95,8.0,2.3,8.0,5.95
2.5,1.25,8.0,0.55,4.5,1.1,8.0,2.45,8.0,6.65
2.5,1.4,8.0,0.95,4.5,1.2,8.0,2.35,8.0,6.65
2.45,1.45,7.8,1.0,4.5,1.3,8.0,2.4,8.0,6.7
2.45,1.4,8.0,0.7,4.4,1.15,8.0,2.4,8.0,6.75
2.45,1.25,8.0,0.7,5.4,0.95,8.0,2.0,0.65,6.7
2.25,1.15,8.0,0.05,5.4,0.8,8.0,1.85,0.8,6.65
2.4,1.05,8.0,0.5,5.35,0.7,8.0,1.55,7.65,7.6
2.35,0.9,7.95,0.35,8.0,0.5,8.0,1.65,1.05,7.4
2.35,0.75,7.95,0.15,8.0,0.25,8.0,7.95,8.0,7.0
2.35,0.5,8.0,0.15,8.0,0.1,8.0,0.85,8.0,1.35
2.15,0.4,8.0,1.15,8.0,1.45,8.0,1.9,7.9,1.6
2.25,0.85,8.0,1.75,8.0,2.3,8.0,2.6,8.0,2.55
2.25,1.3,8.0,1.95,8.0,3.45,8.0,5.2,8.0,4.1
2.25,1.9,8.0,2.5,8.0,3.65,8.0,2.3,8.0,3.45
2.55,2.4,7.9,3.05,8.0,3.75,8.0,5.75,8.0,3.05
3.1,2.9,7.9,3.55,8.0,4.15,8.0,3.35,4.55,2.55
0.0,0.0,7.9,4.15,8.0,3.6,8.0,5.05,8.0,2.1
0.0,0.0,7.85,3.65,8.0,3.15,8.0,4.75,8.0,1.55
0.0,0.0,8.0,3.1,8.0,2.55,8.0,4.25,8.0,1.0
5.4,3.05,8.0,2.6,8.0,2.05,8.0,1.4,6.7,0.55
0.0,0.0,8.0,2.05,8.0,1.5,8.0,0.8,7.3,0.0
3.45,7.95,0.0,0.0,0.0,0.0,0.0,0.0,0.0,0.0
7.45,1.7,8.0,1.25,8.0,0.7,7.0,0.05,4.7,0.7
3.2,7.95,0.0,0.0,0.0,0.0,0.0,0.0,0.0,0.0
5.25,7.95,0.0,0.0,0.0,0.0,0.0,0.0,0.0,0.0
3.4,7.05,0.0,0.0,0.0,0.0,0.0,0.0,0.0,0.0
6.65,2.05,7.95,1.55,7.05,1.0,6.25,0.35,3.75,0.4
6.7,2.2,8.0,1.75,7.25,1.2,8.0,0.55,7.95,0.2
7.1,2.35,8.0,1.85,7.15,1.3,5.8,0.7,2.35,0.05
7.0,2.4,8.0,1.95,7.05,1.4,8.0,0.8,7.95,0.05
6.95,2.45,8.0,2.0,7.05,1.45,8.0,0.85,7.95,0.1
5.6,2.45,8.0,2.0,7.05,1.45,8.0,0.85,7.15,0.1
6.75,2.5,8.0,2.0,6.3,1.45,5.35,0.85,0.25,0.05
6.9,2.5,8.0,2.05,7.05,1.45,8.0,0.85,6.3,0.05
5.45,2.55,8.0,2.1,6.65,1.5,8.0,0.85,8.0,0.05
5.45,2.55,8.0,2.1,6.65,1.5,8.0,0.85,8.0,0.05
5.25,2.7,8.0,2.2,6.65,1.65,8.0,0.95,8.0,0.1
5.05,6.85,8.0,2.4,6.35,1.8,8.0,1.1,8.0,0.2
4.75,7.5,8.0,2.65,6.1,2.0,8.0,1.3,8.0,0.4
4.55,7.6,8.0,2.8,5.95,2.2,8.0,1.5,7.75,0.5
4.35,7.75,8.0,2.95,5.9,2.35,8.0,1.65,8.0,0.7
4.2,7.5,8.0,3.05,5.85,2.45,8.0,1.75,0.8,0.9
4.3,7.5,8.0,2.95,5.85,2.4,8.0,1.7,7.65,0.75
4.4,7.75,8.0,7.95,5.85,2.3,8.0,1.6,7.95,0.7
4.45,3.35,8.0,2.85,4.8,2.2,8.0,1.55,7.95,0.6
4.55,3.3,8.0,2.75,5.8,2.15,8.0,1.45,8.0,0.6
4.6,3.25,8.0,2.75,5.95,2.1,8.0,1.4,0.35,0.55
4.6,3.25,8.0,2.75,5.95,2.1,8.0,1.4,5.05,0.4
4.6,3.3,8.0,2.75,5.95,2.15,8.0,1.45,4.95,0.45
4.55,3.35,8.0,2.85,4.65,2.25,8.0,1.5,0.55,0.55
4.5,7.5,8.0,3.0,5.9,2.35,8.0,1.6,4.7,0.65
4.4,3.7,8.0,3.15,5.9,2.55,8.0,1.8,8.0,0.65
4.35,3.95,8.0,3.4,5.9,2.8,8.0,2.05,8.0,1.05
4.2,4.2,8.0,3.7,5.45,3.1,8.0,2.3,8.0,1.45
0.0,0.0,0.0,0.0,5.5,5.3,8.0,5.25,7.75,4.65
0.0,0.0,0.0,0.0,5.5,5.3,8.0,5.25,7.75,4.65
4.0,6.25,8.0,4.25,5.3,3.6,8.0,2.9,7.8,2.05
3.95,6.35,8.0,4.35,6.0,3.75,8.0,3.05,7.8,2.25
3.9,6.4,8.0,4.45,5.3,3.85,8.0,3.15,7.85,2.35
3.9,6.45,8.0,4.55,5.2,3.95,8.0,3.3,7.85,2.5
3.85,7.95,8.0,4.65,5.2,4.05,8.0,3.4,7.9,2.6
3.85,6.5,8.0,4.75,5.15,4.15,8.0,3.45,7.9,2.65
3.8,6.55,8.0,4.8,5.3,4.2,8.0,3.5,8.0,2.75
3.75,6.6,8.0,4.85,5.7,4.25,8.0,3.55,8.0,2.8
3.7,7.95,8.0,4.9,5.7,4.3,8.0,3.65,8.0,2.85
3.65,7.95,8.0,5.0,6.55,4.4,8.0,3.7,8.0,2.9
3.55,7.95,8.0,5.1,4.95,4.5,8.0,3.8,8.0,3.0
3.5,7.95,8.0,5.15,5.35,4.55,8.0,3.85,4.75,3.05
0.0,0.0,0.0,0.0,5.75,4.75,8.0,4.85,8.0,4.6
3.35,7.95,8.0,5.45,5.7,4.8,8.0,4.05,8.0,3.2
3.25,7.35,8.0,5.55,5.7,4.9,8.0,4.15,8.0,3.3
3.25,7.15,8.0,5.6,5.7,4.95,8.0,4.2,8.0,3.3
3.25,7.0,8.0,5.6,5.7,4.95,8.0,4.15,8.0,3.3
3.25,7.0,8.0,5.6,5.65,4.95,8.0,4.15,7.9,3.2
3.25,6.85,8.0,5.6,5.65,4.95,8.0,4.1,7.9,3.05
3.35,6.15,8.0,5.5,4.55,4.8,8.0,3.9,7.9,7.85
3.35,6.05,8.0,5.45,5.65,4.7,8.0,3.85,7.9,7.8
3.3,6.05,8.0,5.45,4.55,4.7,8.0,3.9,7.85,7.8
3.2,6.1,8.0,5.5,5.65,4.8,8.0,4.0,7.85,3.0
3.1,2.7,8.0,3.35,5.65,2.8,8.0,1.35,7.85,3.55
2.95,2.55,8.0,3.1,6.0,2.95,8.0,1.8,7.85,3.9
2.85,7.4,8.0,5.75,5.6,5.15,8.0,4.4,7.85,3.55
2.75,7.4,8.0,5.85,5.65,5.25,8.0,4.55,7.85,3.7
2.75,7.35,8.0,5.85,5.65,5.25,8.0,4.55,7.85,3.7
2.75,7.1,8.0,5.75,5.65,5.15,8.0,4.45,8.0,3.65
2.75,7.15,8.0,5.75,5.6,5.2,8.0,4.5,8.0,3.7
2.75,7.35,8.0,5.9,5.6,5.3,8.0,4.65,7.85,3.85
2.35,7.3,8.0,6.1,5.6,5.55,3.05,4.9,1.6,4.05
2.25,2.15,8.0,2.8,4.65,3.35,8.0,2.75,8.0,1.2
2.7,1.95,8.0,2.6,5.65,3.05,8.0,2.85,7.85,1.9
1.75,1.75,8.0,2.35,5.65,2.9,8.0,2.85,7.9,1.95
2.7,1.35,8.0,1.95,5.7,2.55,8.0,2.9,8.0,2.15
2.75,0.9,8.0,1.6,4.75,2.25,8.0,2.85,8.0,2.3
2.55,0.7,8.0,1.4,4.75,2.1,8.0,2.55,8.0,2.35
2.6,0.55,8.0,1.3,5.75,1.95,8.0,2.5,7.9,2.45
2.6,0.55,8.0,1.25,4.75,1.9,8.0,2.45,3.35,2.5
2.6,0.55,8.0,1.25,5.85,1.9,8.0,2.45,3.35,2.45
2.6,0.6,8.0,1.35,5.0,1.95,8.0,2.45,3.4,2.35
0.9,0.8,8.0,1.5,7.7,2.1,8.0,2.55,7.6,2.3
0.9,0.8,8.0,1.5,7.7,2.1,8.0,2.55,7.6,2.3
2.75,1.0,8.0,1.7,7.7,2.3,3.15,2.75,8.0,2.4
1.85,1.5,8.0,2.2,7.55,2.8,7.55,7.25,4.05,2.95
2.6,1.6,8.0,2.25,7.5,2.85,8.0,3.25,8.0,3.05
2.65,1.6,8.0,2.25,7.7,2.8,7.9,3.2,8.0,3.0
2.75,1.55,7.8,2.2,7.5,2.75,8.0,3.15,8.0,3.0
2.8,1.55,7.8,2.2,8.0,2.75,8.0,3.15,8.0,3.0
2.8,1.6,7.8,2.2,7.75,2.75,8.0,3.2,8.0,3.05
2.65,1.65,7.8,2.25,7.45,2.8,8.0,3.6,8.0,3.2
1.85,1.75,7.8,2.35,7.5,2.9,8.0,3.35,8.0,3.35
2.8,1.85,7.85,2.45,7.5,2.95,8.0,3.45,8.0,3.5
2.8,1.95,8.0,2.55,6.55,3.1,8.0,3.55,8.0,3.85
2.75,2.1,8.0,2.7,7.75,3.2,8.0,3.7,8.0,3.9
2.75,2.15,8.0,2.8,7.55,3.3,8.0,3.75,8.0,4.15
2.75,2.2,8.0,2.8,7.55,3.3,7.9,3.75,8.0,4.0
2.75,2.15,8.0,2.75,6.35,3.25,8.0,3.7,8.0,4.05
2.75,2.1,8.0,2.65,6.7,3.2,8.0,3.65,8.0,7.75
2.8,2.05,8.0,2.6,6.65,3.15,8.0,3.6,8.0,3.95
2.35,2.0,8.0,2.55,6.45,3.1,8.0,3.55,8.0,3.95
2.05,1.95,8.0,2.55,7.75,3.05,8.0,3.5,8.0,3.95
2.05,1.95,8.0,2.55,7.75,3.05,8.0,3.5,8.0,3.95
2.8,1.95,8.0,2.5,6.75,3.05,3.55,3.5,7.8,3.9
2.25,1.9,8.0,2.45,6.8,3.0,7.65,3.45,8.0,3.85
2.2,1.8,7.8,2.35,6.75,2.9,3.4,3.35,8.0,3.8
2.85,1.75,8.0,2.25,6.8,2.8,8.0,3.3,8.0,3.7
2.9,1.7,7.9,2.25,7.65,2.8,8.0,3.25,7.85,3.7
1.8,1.7,7.9,2.25,6.75,2.8,8.0,3.25,7.85,3.7
1.8,1.75,7.9,2.3,6.75,2.85,8.0,3.3,7.85,3.7
2.3,1.75,8.0,2.3,6.8,2.85,8.0,3.3,7.9,3.75
2.9,1.75,7.9,2.3,6.8,2.85,8.0,3.3,7.9,3.7
2.35,1.7,7.9,2.25,7.65,2.8,8.0,3.25,7.9,3.65
2.3,1.7,8.0,2.2,7.85,2.7,8.0,3.15,7.9,3.55
2.9,1.6,7.9,2.15,7.9,2.65,8.0,3.05,7.9,3.45
2.85,1.5,8.0,2.05,7.9,2.55,7.85,3.0,8.0,3.55
2.85,1.45,8.0,2.0,7.9,2.5,7.85,2.9,7.5,3.4
1.9,1.4,7.95,1.95,6.7,2.4,7.85,2.85,7.6,3.5
2.85,1.35,7.95,1.85,6.75,2.35,8.0,2.75,8.0,3.45
2.8,1.3,7.85,1.85,7.7,2.3,8.0,2.75,8.0,3.0
2.8,1.25,7.85,1.8,6.5,2.3,7.9,2.75,8.0,3.4
1.9,1.3,7.95,1.85,6.5,2.3,2.8,2.75,8.0,3.2
1.9,1.3,8.0,1.9,6.5,2.35,7.95,2.8,7.8,3.1
2.8,1.35,8.0,1.95,6.5,2.4,8.0,2.85,4.35,3.2
1.5,1.45,8.0,2.0,5.15,2.5,8.0,2.95,7.9,3.3
2.9,1.5,8.0,2.05,5.15,2.55,8.0,3.0,8.0,3.4
2.9,1.5,8.0,2.05,5.15,2.55,8.0,3.0,8.0,3.4
2.9,1.5,8.0,2.05,5.25,2.6,8.0,3.0,8.0,3.4
2.95,1.55,8.0,2.1,6.05,2.65,8.0,3.1,8.0,3.45
3.0,1.5,8.0,2.1,5.05,2.6,8.0,3.05,8.0,3.4
3.05,1.4,8.0,2.0,5.0,2.5,8.0,2.95,7.9,3.4
3.1,1.3,5.95,1.85,5.15,2.3,8.0,2.75,8.0,3.15
3.15,1.1,6.05,1.6,5.25,2.1,8.0,2.5,3.15,2.9
3.2,0.9,6.1,1.4,5.25,1.9,8.0,2.25,8.0,2.3
3.3,0.8,6.1,1.3,5.3,1.75,8.0,6.7,8.0,2.15
3.2,0.85,5.9,1.35,5.25,1.8,8.0,2.2,7.95,2.1
1.75,0.95,5.95,1.5,5.25,1.95,7.75,2.25,7.9,2.15
3.35,1.05,5.8,1.55,5.15,2.0,7.8,7.1,2.45,2.2
3.45,1.1,5.85,1.6,5.15,2.05,7.15,5.55,3.1,2.2
3.5,1.05,5.9,1.55,5.2,1.95,7.25,6.0,3.0,2.0
2.55,0.95,5.95,1.4,4.85,1.85,7.3,2.05,8.0,1.75
3.65,0.85,5.7,1.3,5.25,1.7,8.0,1.9,2.7,1.55
3.7,0.75,5.75,1.2,5.45,1.6,6.95,2.2,8.0,1.3
2.3,0.55,5.85,1.0,5.5,1.4,7.45,1.5,8.0,1.0
2.8,0.4,6.25,0.0,5.65,0.35,7.5,0.2,0.25,0.6
2.85,0.35,6.25,0.05,5.65,4.8,7.55,0.35,1.4,0.55
3.0,0.05,6.25,0.35,5.65,0.75,7.55,0.8,1.7,0.1
3.0,0.05,6.25,0.35,5.65,0.75,7.55,0.8,1.7,0.1
3.15,0.4,6.25,0.85,5.65,1.2,7.5,6.65,2.05,0.85
3.2,0.95,6.2,1.45,5.6,1.75,7.5,6.65,8.0,1.65
2.95,1.5,5.9,2.3,5.65,2.55,7.5,7.5,8.0,2.55
3.15,2.7,5.9,3.1,6.7,3.05,7.5,3.8,8.0,3.7
3.6,3.55,6.0,4.0,5.6,4.3,7.5,6.35,4.95,4.6
4.3,4.05,6.0,4.6,7.1,4.95,7.55,5.2,5.25,5.15
4.7,4.45,6.05,5.0,7.6,5.35,7.55,5.95,7.95,5.5
4.95,4.65,6.05,5.1,7.65,5.45,7.6,5.75,7.95,5.7
4.9,4.65,6.1,5.1,7.25,5.45,0.0,0.0,8.0,5.55
4.65,4.4,6.2,4.9,7.25,5.25,7.7,5.45,8.0,5.3
4.35,4.1,6.2,4.55,7.3,4.9,7.7,5.1,5.45,4.9
3.8,3.75,6.2,4.15,7.35,4.45,7.75,6.5,8.0,4.45
3.25,3.2,6.2,3.65,7.05,3.9,7.75,6.2,8.0,3.8
2.75,2.7,6.2,3.05,5.9,4.75,7.4,6.2,4.05,3.15
3.4,2.2,6.2,2.6,5.65,2.95,7.3,6.2,8.0,2.7
4.15,1.95,6.25,2.35,7.4,2.65,7.35,6.15,8.0,2.5
1.9,1.8,6.15,2.2,7.8,2.55,7.25,2.75,8.0,2.45
4.1,1.85,6.2,2.25,7.75,2.6,7.3,2.8,8.0,2.55
3.1,2.0,6.1,2.4,7.75,2.75,7.2,6.05,8.0,2.7
3.1,2.25,6.15,2.65,7.75,3.0,7.25,6.05,8.0,2.85
4.2,2.75,6.1,3.15,7.7,3.5,7.25,6.05,8.0,3.35
2.8,2.75,6.15,3.2,7.7,3.55,7.25,6.05,8.0,3.4
2.75,2.7,6.15,3.15,7.7,3.5,7.65,6.05,8.0,3.35
3.25,2.6,6.15,3.05,5.55,3.4,7.2,6.05,8.0,3.25
2.6,2.5,6.1,2.95,7.75,3.3,7.25,3.95,8.0,3.15
4.2,2.45,6.15,2.85,7.75,3.2,8.0,3.4,8.0,3.1
3.25,2.4,6.2,2.85,7.7,3.15,8.0,7.3,8.0,3.1
3.35,2.45,6.2,2.85,6.9,3.2,8.0,6.1,8.0,3.2
2.65,2.6,6.2,3.0,5.65,3.35,8.0,6.1,8.0,3.35
2.8,2.75,6.2,3.15,7.0,3.5,8.0,6.85,8.0,3.55
2.95,2.9,6.2,3.3,6.95,3.65,8.0,6.85,8.0,3.7
3.1,3.0,6.2,3.45,6.95,3.8,8.0,7.7,8.0,3.85
3.15,3.1,6.2,3.5,5.1,3.85,8.0,7.7,8.0,3.95
4.25,3.1,6.2,3.5,7.8,3.85,8.0,4.1,8.0,4.0
4.2,3.1,6.15,3.5,5.4,3.85,8.0,4.1,8.0,3.95
3.1,3.0,6.15,3.45,5.6,3.8,8.0,6.1,8.0,3.85
3.0,2.95,6.15,3.35,5.6,3.7,8.0,6.1,8.0,3.75
2.9,2.85,6.15,3.25,5.6,3.6,8.0,7.65,8.0,3.65
2.85,2.8,6.15,3.2,5.0,3.55,8.0,7.65,8.0,3.6
2.75,2.7,6.15,3.1,5.6,3.45,8.0,6.05,8.0,3.55
2.65,2.6,6.05,3.05,5.55,3.35,7.9,3.6,8.0,3.45
4.15,2.55,6.05,2.95,5.55,3.3,7.9,6.05,7.95,3.4
4.15,2.55,6.05,2.95,5.55,3.3,7.9,6.05,7.95,3.4
2.6,2.55,6.05,2.95,5.55,3.3,7.2,3.55,8.0,3.35
2.6,2.55,6.05,3.0,5.55,3.3,7.2,3.55,7.95,3.4
2.8,2.75,6.05,3.15,5.55,3.45,7.2,6.05,7.95,3.5
3.15,3.1,6.05,3.45,6.45,3.75,7.25,6.05,7.95,3.85
3.55,3.5,6.05,3.85,5.55,4.65,7.2,6.05,8.0,4.35
4.0,3.95,6.15,4.35,5.35,4.65,7.65,4.9,8.0,4.9
4.5,4.25,6.1,4.75,5.6,5.05,7.3,5.35,8.0,5.35
4.85,4.6,6.2,5.1,6.05,5.45,8.0,5.7,8.0,5.75
5.2,4.9,6.2,5.35,6.1,5.7,8.0,6.0,8.0,6.05
0.1,1.35,0.25,0.65,0.55,0.6,0.05,0.05,0.0,0.0
1.15,1.15,0.25,0.4,0.75,0.35,0.9,0.2,0.0,0.0
0.45,1.05,0.3,0.3,0.9,0.2,1.05,0.3,0.0,0.0
0.5,1.0,0.4,0.2,0.1,0.1,1.05,1.0,0.0,0.0
0.45,1.0,0.4,0.2,1.0,0.95,1.05,0.25,0.0,0.0
0.4,1.1,0.35,0.35,0.9,0.3,0.95,0.2,0.0,0.0
0.05,1.35,0.1,0.65,0.65,0.65,0.75,0.15,0.0,0.0
5.05,4.85,6.4,5.35,0.0,0.0,8.0,5.9,7.95,7.65
4.55,4.35,6.4,4.8,5.75,5.15,7.6,5.35,7.9,5.55
4.5,3.85,6.2,5.05,5.35,4.55,7.2,4.7,7.95,4.9
0.0,0.0,0.0,0.0,0.0,0.0,7.15,4.05,7.95,7.65
3.45,2.45,6.15,2.75,5.65,3.15,8.0,3.45,7.9,3.65
4.2,1.45,6.3,2.35,5.6,2.3,7.1,2.65,7.9,2.8
4.1,0.5,6.25,3.0,5.25,1.55,7.4,2.0,8.0,7.55
4.1,0.5,6.25,3.0,5.25,1.55,7.4,2.0,8.0,7.55
0.0,0.0,0.0,0.0,2.0,0.35,7.3,1.45,8.0,1.8
2.5,3.65,5.7,4.55,5.3,2.45,8.0,7.85,0.0,0.0
0.0,0.0,0.0,0.0,1.85,5.15,6.05,6.65,7.85,7.0
0.0,0.0,0.0,0.0,3.55,4.75,5.7,6.65,8.0,7.15
0.0,0.0,0.0,0.0,4.2,4.6,5.4,6.55,8.0,7.1
2.15,2.3,8.0,5.2,2.75,7.75,5.2,7.25,7.9,6.6
8.0,2.3,8.0,5.2,2.2,7.85,5.2,7.3,8.0,6.7
7.8,2.3,7.6,5.3,7.9,7.85,6.75,7.45,8.0,6.7
8.0,2.3,7.25,7.95,7.55,7.85,7.45,7.95,8.0,7.9
8.0,2.3,6.85,7.95,7.3,7.85,8.0,7.75,8.0,7.95
8.0,2.3,6.55,7.95,7.05,7.85,8.0,7.85,8.0,7.7
8.0,7.3,6.2,7.45,6.85,7.25,8.0,7.95,7.9,7.75
8.0,2.3,8.0,7.45,6.75,7.2,8.0,7.75,7.05,7.85
0.0,0.0,0.0,0.0,0.0,0.0,8.0,7.05,7.35,7.95
0.0,0.0,0.0,0.0,0.0,0.0,6.25,7.1,7.9,7.95
0.0,0.0,0.0,0.0,0.0,0.0,8.0,7.1,7.8,7.95
0.0,0.0,0.0,0.0,0.0,0.0,8.0,7.1,8.0,7.95
0.0,0.0,0.0,0.0,0.0,0.0,8.0,7.2,8.0,7.95
0.0,0.0,0.0,0.0,0.0,0.0,8.0,7.25,8.0,7.8
0.0,0.0,0.0,0.0,0.0,0.0,8.0,7.25,8.0,7.8
0.0,0.0,0.0,0.0,0.0,0.0,8.0,7.3,8.0,7.95
0.0,0.0,0.0,0.0,0.0,0.0,8.0,7.3,8.0,7.95
8.0,2.3,8.0,7.95,7.0,7.85,8.0,7.95,8.0,7.95
8.0,2.3,8.0,7.95,8.0,7.85,8.0,7.95,8.0,7.95
8.0,2.3,8.0,7.95,7.75,7.95,7.9,7.95,8.0,7.95
0.0,0.0,0.0,0.0,0.0,0.0,7.9,7.35,8.0,7.95
0.0,0.0,0.0,0.0,0.0,0.0,8.0,7.35,8.0,7.95
0.0,0.0,0.0,0.0,0.0,0.0,7.85,7.3,8.0,7.85
0.0,0.0,0.0,0.0,0.0,0.0,7.95,7.25,8.0,7.8
0.0,0.0,0.0,0.0,0.0,0.0,7.2,7.25,8.0,7.75
